WEAPON,,INFO,,,,,PERKS,,,,,ANALYSIS,,
🖼️,Name,Season,Energy,Frame,Ammo,⬆️,Barrel,Mag,Perk 1,Perk 2,Origin Trait,Notes,Rank,Tier
,No Hesitation,29,Solar,Support,54,Yes,Full Bore,Accurized Rounds,"Physic
Burning Ambition","Chaos Reshaped
Attrition Orbs
Incandescent",Dealer's Choice,"on-demand survivability on any class, Benevolence synergy",1,S
TBA,DECATUR 02,29,Stasis,Support,54,Yes,Full Bore,Accurized Rounds,"Physic
Attrition Orbs
Crystalline Corpsebloom","Reciprocity
Master of Arms
Redirection",Carrion Munitions,"Frost Armor not as good as Restoration, but good perk spread",2,S
,Adamantite,29,Strand,Support,54,Yes,Full Bore,Accurized Rounds,"Physic
Reciprocity
Demolitionist","Hatchling
Desperate Measures
Tear",Heretical Behavior,"no self-healing if Physic taken, but basically Navigator at home",3,S
,Reckless Oracle,29,Void,Rapid,54,Yes,"Fluted Barrel
Arrowhead Brake","Flared Magwell
Alloy Magazine","Destabilizing Rounds
Dimensional Shift
Collective Demolition","Repulsor Brace
Chaos Reshaped
Withering Gaze",Elliptical Orbit,"every relevant void perk and Chaos to boot, great all around",4,S
,Cusp Sempiternal,27,Void,Support,51,Yes,Full Bore,Accurized Rounds,"Reciprocity
Repulsor Brace
Attrition Orbs","Destabilizing Rounds
Master of Arms
Withering Gaze",Frame of Reference,"Void Overshield to allies, great perk pool",5,A
,Gnawing Hunger,29,Void,Adaptive,55,Yes,"Fluted Barrel
Arrowhead Brake","Flared Magwell
Alloy Magazine","Repulsor Brace
Demolitionist
Withering Gaze","Destabilizing Rounds
Master of Arms",Gun and Run,"best general combo, also has Withering access",6,A
,Positive Outlook,29,Void,Precision,59,Yes,"Fluted Barrel
Arrowhead Brake","Flared Magwell
Alloy Magazine","Repulsor Brace
Withering Gaze","Destabilizing Rounds
Mega Kill Clip",Accelerated Assault,"classic void combo, Withering access, good origin",7,A
,Arctic Haze,29,Solar,Rapid,50,Yes,"Fluted Barrel
Arrowhead Brake","Flared Magwell
Alloy Magazine","Incandescent
Heal Clip
Demolitionist","Burning Ambition
Frenzy",Winterized Gear,"solid double splash, just a disappointing origin",8,A
TBA,The Ringing Nail,29,Solar,Precision,50,Yes,"Fluted Barrel
Arrowhead Brake","Flared Magwell
Alloy Magazine","Incandescent
Heal Clip
Impromptu Ammunition","Burning Ambition
Firefly
Onslaught",Forge's Kin,"great ignition auto, but mediocre frame and origin",9,A
,Zealous Ideal,28,Solar,Balanced (450RPM),58,Yes,"Fluted Barrel
Arrowhead Brake","Light Heatsink
Overclocked Heatsink","Heal Clip
Attrition Orbs","Incandescent
Burning Ambition",Imperial Allegiance,"similar to Ahab Char, has Incandescent/Attrition/blaster access though",10,A
,Reghusk's Pledge,28,Void,Rapid,53,Yes,"Fluted Barrel
Arrowhead Brake","Flared Magwell
Alloy Magazine","Destabilizing Rounds
Demoralize","Repulsor Brace
Golden Tricorn
Attrition Orbs",Skulking Wolf,basically Reckless with a few extra perks and a different origin,11,A
,Abyss Defiant,29,Solar,High-Impact,52,Yes,"Fluted Barrel
Arrowhead Brake","Flared Magwell
Alloy Magazine","Heal Clip
Burning Ambition",Incandescent,Cursed Thrall,excellent origin and solid perks held back by frame,12,A
,The Summoner,29,Solar,Adaptive,51,Yes,"Fluted Barrel
Arrowhead Brake","Flared Magwell
Alloy Magazine",Heal Clip,"Incandescent
Burning Ambition",Wild Card,solid origin and perks with better archetype than Abyss,13,A
,The Riposte,29,Void,Lightweight,57,Yes,"Fluted Barrel
Arrowhead Brake","Flared Magwell
Alloy Magazine","Repulsor Brace
Dimensional Shift
Demoralize","Destabilizing Rounds
Desperate Measures",None,"great perk pairing and archetype, just no origin",14,A
,Scathelocke,29,Kinetic,Adaptive,50,Yes,"Fluted Barrel
Arrowhead Brake","Flared Magwell
Alloy Magazine","Attrition Orbs
Shoot to Loot","Kinetic Tremors
Ancillary Ordinance",Veteran's Wisdom,"great origin for use case, classic kinetic combo",15,A
,Everburning Glitz,27,Kinetic,Rapid,54,Yes,"Fluted Barrel
Arrowhead Brake","Flared Magwell
Alloy Magazine","Attrition Orbs
Bewildering Burst","Kinetic Tremors
Ancillary Ordinance",Fleet Footed,"perks need playtime, but general package looks great",16,A
,VS Pyroelectric Propellant,29,Arc,Adaptive,50,Yes,"Fluted Barrel
Arrowhead Brake","Flared Magwell
Alloy Magazine","Attrition Orbs
Eddy Current
Strategist","Jolting Feedback
Gear Shift",Bray Legacy,"one of the best Jolting users, great utility and origin",17,A
,Chroma Rush,29,Kinetic,Rapid,54,Yes,"Fluted Barrel
Arrowhead Brake","Flared Magwell
Alloy Magazine","Bewildering Burst
Stopping Power","Kinetic Tremors
Ancillary Ordinance
All-Star",Splicer Surge,"class kinetic combos, okay origin, good frame",18,A
TBA,Snipehunt Mk. 47,29,Arc,Lightweight,48,Yes,"Fluted Barrel
Arrowhead Brake","Flared Magwell
Alloy Magazine",Jolting Feedback,"Chaos Reshaped
Voltshot
Attrition Orbs",Featherweight,"worse origin than Pyroelectric, but has Chaos",19,A
,Age-Old Bond,29,Void,High-Impact,49,Yes,"Fluted Barrel
Arrowhead Brake","Flared Magwell
Alloy Magazine","Repulsor Brace
Meganeura",Destabilizing Rounds,Explosive Pact,"classic Void combo, just bad frame and mediocre origin",20,B
,Seventh Seraph Carbine,29,Kinetic,Precision,51,Yes,"Fluted Barrel
Arrowhead Brake","Flared Magwell
Alloy Magazine","Attrition Orbs
Stopping Power
Enlightened Action","Kinetic Tremors
Ancillary Ordinance",Eyes Up,Everburning Glitz but worse frame,21,B
,Giver's Blessing,27,Kinetic,Rapid,57,Yes,"Fluted Barrel
Arrowhead Brake","Flared Magwell
Alloy Magazine","Rewind Rounds
Shoot to Loot
Impromptu Ammunition",Kinetic Tremors,Exhaustive Research,would be excellent with Attrition Orbs but still great,22,B
TBA,Pluperfect,29,Kinetic,High-Impact,50,Yes,"Fluted Barrel
Arrowhead Brake","Flared Magwell
Alloy Magazine","Stopping Power
Demolitionist
Rewind Rounds","Kinetic Tremors
All-Star",Fail-deadly,worse archetype than Giver's Blessing but Stopping Power option,23,B
TBA,Steelfeather Repeater,29,Kinetic,Rapid,53,Yes,"Fluted Barrel
Arrowhead Brake","Flared Magwell
Alloy Magazine","Bewildering Burst
Proximity Power",Ancillary Ordinance,Cast No Shadows,"awful perks outside of kinetic combo, origin not great on weapon type",24,B
,Chrysura Melo,29,Arc,Support,54,Yes,Full Bore,Accurized Rounds,"Physic
Impulse Amplifier
Jolting Feedback","Voltshot
Attrition Orbs
Rolling Storm",Ignoble Deeds,"Amplified, sustain worst of all support autos, good add clear though",25,B
,"Prosecutor
RotN version",26,Arc,Precision,60,Yes,"Fluted Barrel
Arrowhead Brake","Flared Magwell
Alloy Magazine","Dragonfly
Attrition Orbs
Eddy Current","Voltshot
Rolling Storm",Gravity Well,"double splash options vs. Pyroelectric, but worse frame",26,B
,Arc Logic,29,Arc,Adaptive,49,Yes,"Fluted Barrel
Arrowhead Brake","Flared Magwell
Alloy Magazine","Rolling Storm
Demolitionist","Jolting Feedback
Gear Shift
Master of Arms
",Loss,"decent double damage/splash option, good roam perks",27,B
TBA,Trendsetter,29,Arc,Adaptive,60,Yes,"Fluted Barrel
Arrowhead Brake","Flared Magwell
Alloy Magazine","Trickle Charge
Light Touch
Ambitious Assassin","Jolting Feedback
Rolling Storm","Nail, Meet Hammer","okay frame, no real utility perks, but has Jolting",28,B
,Origin Story,29,Kinetic,Precision,47,Yes,"Fluted Barrel
Arrowhead Brake","Flared Magwell
Alloy Magazine","Attrition Orbs
Demolitionist","Kinetic Tremors
Onslaught",Vanguard Determination,solid perk combo but mediocre frame and bad origin,29,B
,Tigerspite,29,Kinetic,Precision,49,Yes,"Fluted Barrel
Arrowhead Brake","Flared Magwell
Alloy Magazine","Bewildering Burst
Stopping Power
Shoot to Loot","Kinetic Tremors
All-Star
Onslaught",Advanced Reflexes,no AO but decent utility in 1st instead,30,B
,Duty Bound,28,Kinetic,Adaptive,58,Yes,"Fluted Barrel
Arrowhead Brake","Flared Magwell
Alloy Magazine","Bewildering Burst
Stopping Power
Enlightened Action","Rampage
Onslaught",Accelerated Assault,lower utility than AO+KT but post-buff Rampage isn't bad with Bewildering,31,B
,Breakneck,29,Kinetic,Precision,45,Yes,"Fluted Barrel
Arrowhead Brake","Flared Magwell
Alloy Magazine","Enlightened Action
Shoot to Loot
Pugilist","Kinetic Tremors
Onslaught
Attrition Orbs",Gun and Run,solid reload perk + KT but no Attrition and mediocre origin + frame,32,B
,Braytech Werewolf,25,Kinetic,Precision,55,Yes,"Fluted Barrel
Arrowhead Brake","Flared Magwell
Alloy Magazine","Rewind Rounds
Pugilist","Kinetic Tremors
Onslaught",Search Party,Rewind + KT but bad origin and okay frame,33,B
,Shadow Price,29,Arc,Precision,48,Yes,"Fluted Barrel
Arrowhead Brake","Flared Magwell
Alloy Magazine","Attrition Orbs
Stats for All","Voltshot
One for All",Vanguard Determination,Attrition + Voltshot pairing but nothing else special,34,B
,Veiled Threat,29,Stasis,Rapid,54,Yes,"Fluted Barrel
Arrowhead Brake","Flared Magwell
Alloy Magazine","Attrition Orbs
Shoot to Loot","Headstone
Desperate Measures",Radiolaria Transposer,Attrition + Headstone + great origin + frame but sadly stasis,35,B
,Intercalary,27,Stasis,Adaptive,57,Yes,"Fluted Barrel
Arrowhead Brake","Flared Magwell
Alloy Magazine",Headstone,"Desperate Measures
One for All
Onslaught",Frame of Reference,worse overall vs. Veiled despite offering splash + damage combo,36,B
,Prosecutor,29,Arc,Precision,60,Yes,"Fluted Barrel
Arrowhead Brake","Flared Magwell
Alloy Magazine","Dragonfly
Enlightened Action","Voltshot
Rolling Storm
Gear Shift",Crossing Over,mediocre perk columns,37,B
,The Forward Path,29,Strand,Adaptive,60,Yes,"Fluted Barrel
Arrowhead Brake","Flared Magwell
Alloy Magazine","Slice
Demolitionist","Tear
Hatchling",Skulking Wolf,"good survivability auto, solid origin too",38,C
,Ammit AR2,29,Solar,Precision,48,Yes,"Fluted Barrel
Arrowhead Brake","Flared Magwell
Alloy Magazine","Stats for All
Turnabout","Incandescent
One for All
Adaptive Munitions",Omolon Fluid Dynamics,Incandescent vs. Destab on Positive Outlook,39,C
,Auric Disabler,27,Strand,Precision,50,Yes,"Fluted Barrel
Arrowhead Brake","Flared Magwell
Alloy Magazine","Dragonfly
Hatchling
Slice","Desperate Measures
Tear
Onslaught",Omolon Fluid Dynamics,splash + damage option but relatively weak vs. B tier options,40,C
,Ahab Char,27,Solar,Rapid,52,Yes,"Fluted Barrel
Arrowhead Brake","Flared Magwell
Alloy Magazine","Heal Clip
Proximity Power
Recycled Energy","Burning Ambition
Binary Orbit
Kill Clip",Bray Legacy,"solid overall package, just missing solid splash perk in 2nd column",41,C
,Fair Judgment,29,Stasis,Precision,51,Yes,"Fluted Barrel
Arrowhead Brake","Flared Magwell
Alloy Magazine","Rimestealer
Deconstruct",Headstone,Vanguard Determination,classic Stasis combo but mediocre frame,42,C
,Lethal Abundance,29,Strand,High-Impact,51,Yes,"Fluted Barrel
Arrowhead Brake","Flared Magwell
Alloy Magazine","Slice
Tear
Enlightened Action","Hatchling
Desperate Measures",Skulking Wolf,bad frame + good 1st column + okay 2nd column,43,C
,Rufus's Fury,29,Strand,Rapid,60,Yes,"Fluted Barrel
Arrowhead Brake","Flared Magwell
Alloy Magazine","Slice
Rewind Rounds","Chaos Reshaped
Hatchling",Harmonic Resonance,"good single target-focused auto, otherwise not very good",44,C
,Sorrow's Verse,29,Arc,Adaptive,49,Yes,"Fluted Barrel
Arrowhead Brake","Flared Magwell
Alloy Magazine","Rewind Rounds
Recycled Energy",Voltshot,Accelerated Assault,good reload support and origin but not very potent,45,C
,Krait,16,Stasis,Rapid,45,No,"Fluted Barrel
Arrowhead Brake","Flared Magwell
Alloy Magazine","Stats for All
Auto-Loading Holster
Subsistence","Headstone
One for All",Veist Stinger,"decent Headstone auto, just missing utility perk",46,C
,Horror Story,29,Stasis,Precision,47,Yes,"Fluted Barrel
Arrowhead Brake","Flared Magwell
Alloy Magazine","Enlightened Action
Demolitionist
Under-Over","Headstone
Frenzy",Nadir Focus,similar to Fair Judgment but not enhanceable,47,C
,False Promises,26,Stasis,High-Impact,54,Yes,"Fluted Barrel
Arrowhead Brake","Flared Magwell
Alloy Magazine",Enlightened Action,Headstone,Paracausal Fluid,similar to Fair Judgment but worse frame,48,C
,Herod-C,29,Stasis,High-Impact,51,Yes,"Fluted Barrel
Arrowhead Brake","Flared Magwell
Alloy Magazine","Shoot to Loot
Stats for All
Auto-Loading Holster","Headstone
One for All
Frenzy",Häkke Breach Armaments,similar to False Promises but not enhanceable and worse reload perk,49,C
,Dark Decider,20,Arc,Rapid,54,No,"Fluted Barrel
Arrowhead Brake","Flared Magwell
Alloy Magazine","Auto-Loading Holster
Subsistence","Voltshot
Dragonfly",Veist Stinger,weird 1st column + Voltshot anti-synergy,50,C
,Come to Pass,29,Arc,High-Impact,54,Yes,"Fluted Barrel
Arrowhead Brake","Flared Magwell
Alloy Magazine","Trickle Charge
Shoot to Loot","Jolting Feedback
Rolling Storm",Psychohack,solid origin but bad frame and okay 2nd column,51,C
,Ros Arago IV,23,Void,Adaptive,54,Yes,"Fluted Barrel
Arrowhead Brake","Flared Magwell
Alloy Magazine","Repulsor Brace
Rewind Rounds","Onslaught
Attrition Orbs",Wild Card,would be pretty good with Destabilizing access,52,C
,Coronach-22,20,Solar,Adaptive,51,No,"Fluted Barrel
Arrowhead Brake","Flared Magwell
Alloy Magazine",Feeding Frenzy,Incandescent,Suros Synergy,worst Incandescent auto,53,C
,Old Sterling,21,Strand,Adaptive,54,Yes,"Fluted Barrel
Arrowhead Brake","Flared Magwell
Alloy Magazine",Rewind Rounds,"Frenzy
Hatchling",Field-Tested,similar to Rufus's Fury but worse archetype and no Demo in 1st column,54,D
,Sweet Sorrow,29,Arc,Rapid,53,Yes,"Fluted Barrel
Arrowhead Brake","Flared Magwell
Alloy Magazine","Stats for All
Auto-Loading Holster",One for All,Land Tank,"SFA + OFA combo on good frame and origin, no splash available",55,D
,The Last Breath,15,Kinetic,Adaptive,52,No,"Fluted Barrel
Arrowhead Brake","Flared Magwell
Alloy Magazine","Demolitionist
Subsistence","Frenzy
One for All",None,consistency-focused single target perks,56,D
,Perpetualis,29,Strand,Adaptive,54,Yes,"Fluted Barrel
Arrowhead Brake","Flared Magwell
Alloy Magazine",Keep Away,"Hatchling
Golden Tricorn",Noble Deeds,outdated reload perks + mediocre splash,57,E
,Lodbrok-C,19,Kinetic,High-Impact,46,No,"Fluted Barrel
Arrowhead Brake","Flared Magwell
Alloy Magazine",Demolitionist,"Kill Clip
Adrenaline Junkie",Häkke Breach Armaments,bad frame + outdated perks,58,F
,Firefright,29,Kinetic,Precision,54,Yes,"Fluted Barrel
Arrowhead Brake","Flared Magwell
Alloy Magazine",Threat Detector,Surrounded,Extrovert,Surrounded on an auto,59,F
,The Number,14,Arc,Precision,60,No,"Fluted Barrel
Arrowhead Brake","Flared Magwell
Alloy Magazine","Field Prep
Surplus",One for All,None,weird reload perks + OFA not great especially with no pairing,60,F